view,point_id,x,y
view1,1,2788.524658203125,1736.861572265625
view1,2,1127.80322265625,2735.556884765625
view1,3,142.52459716796875,1085.5384521484375
view1,4,1462.42626953125,514.8554077148438
view2,1,2460.098388671875,1017.3046264648438
view2,2,2726.557373046875,2444.01220703125
view2,3,452.36065673828125,2580.47998046875
view2,4,501.9344177246094,1004.8984375
view3,1,2131.672119140625,3455.11376953125
view3,2,545.3114624023438,3262.818359375
view3,3,650.65576171875,1253.021484375
view3,4,1933.3770751953125,657.5261840820312
view4,1,3157.702392578125,525.7107543945312
view4,2,3776.221435546875,1916.750732421875
view4,3,553.4117431640625,2167.975341796875
view4,4,1027.7646484375,739.7169189453125
