point_id,x_frame1,y_frame1,x_frame2,y_frame2,dx,dy,motion_magnitude
1,239.0,145.0,239.51980590820312,144.99720764160156,0.519805908203125,-0.0027923583984375,0.5198134083190823
2,246.0,116.0,246.5199432373047,116.04198455810547,0.5199432373046875,0.04198455810546875,0.5216355750312569
3,616.0,79.0,615.998291015625,79.00015258789062,-0.001708984375,0.000152587890625,0.001715782812117993
4,229.0,123.0,229.5402069091797,122.9967041015625,0.5402069091796875,-0.0032958984375,0.54021696351742
5,311.0,234.0,304.5696716308594,270.3064880371094,-6.430328369140625,36.306488037109375,36.87153640036906
6,169.0,260.0,169.43685913085938,260.2027893066406,0.436859130859375,0.202789306640625,0.4816320204294913
7,205.0,266.0,205.5070037841797,265.9629211425781,0.5070037841796875,-0.037078857421875,0.508357825591615
8,360.0,152.0,360.0040588378906,151.9708251953125,0.004058837890625,-0.0291748046875,0.02945578709822817
9,510.0,208.0,509.98370361328125,208.0659942626953,-0.01629638671875,0.0659942626953125,0.06797657632438521
10,200.0,105.0,200.65554809570312,104.94384002685547,0.655548095703125,-0.05615997314453125,0.6579492749168343
11,591.0,152.0,591.0445556640625,151.99728393554688,0.0445556640625,-0.002716064453125,0.04463837145510444
12,246.0,307.0,246.2208709716797,307.0464172363281,0.2208709716796875,0.046417236328125,0.22569569326655373
13,73.0,207.0,73.09632110595703,207.10079956054688,0.09632110595703125,0.100799560546875,0.1394213285664312
14,535.0,97.0,534.9944458007812,96.9872817993164,-0.00555419921875,-0.01271820068359375,0.01387810353001186
15,198.0,286.0,198.43516540527344,286.19561767578125,0.4351654052734375,0.19561767578125,0.47711131303381743
16,237.0,234.0,237.2959442138672,234.00076293945312,0.2959442138671875,0.000762939453125,0.29594519728841134
17,396.0,231.0,395.99835205078125,231.02072143554688,-0.00164794921875,0.020721435546875,0.020786861902434277
18,149.0,198.0,148.95867919921875,198.17697143554688,-0.04132080078125,0.176971435546875,0.18173138852912965
19,541.0,222.0,540.98388671875,222.01841735839844,-0.01611328125,0.0184173583984375,0.024471144701833994
20,629.0,163.0,629.0772705078125,163.0032958984375,0.0772705078125,0.0032958984375,0.07734076754281625
21,210.0,285.0,210.3470001220703,285.12994384765625,0.3470001220703125,0.12994384765625,0.37053270875932465
22,571.0,198.0,571.01171875,198.0819549560547,0.01171875,0.0819549560546875,0.08278854947085533
23,397.0,178.0,397.0146789550781,178.0299072265625,0.014678955078125,0.0299072265625,0.03331537066950205
24,507.0,225.0,506.957763671875,224.95849609375,-0.042236328125,-0.04150390625,0.059215552412279784
25,574.0,216.0,574.0028076171875,216.00625610351562,0.0028076171875,0.006256103515625,0.006857225785240041
26,580.0,193.0,580.0181884765625,193.13906860351562,0.0181884765625,0.139068603515625,0.1402529755957096
27,371.0,313.0,371.0778503417969,313.0660705566406,0.077850341796875,0.066070556640625,0.10210775765186648
28,612.0,178.0,612.0801391601562,178.1197967529297,0.08013916015625,0.1197967529296875,0.14413031257527223
29,564.0,215.0,563.999755859375,214.98484802246094,-0.000244140625,-0.0151519775390625,0.015153944304669657
30,227.0,141.0,227.47280883789062,140.9064178466797,0.472808837890625,-0.0935821533203125,0.481981137190606
31,403.0,204.0,402.9809265136719,204.0349578857422,-0.019073486328125,0.0349578857421875,0.03982275299716241
32,202.0,276.0,202.43101501464844,276.06915283203125,0.4310150146484375,0.06915283203125,0.43652726951513016
33,424.0,185.0,423.96551513671875,185.0204620361328,-0.03448486328125,0.0204620361328125,0.04009863736122499
34,451.0,208.0,450.9501647949219,208.0435333251953,-0.049835205078125,0.0435333251953125,0.06617173163624786
35,257.0,109.0,257.5076904296875,109.06634521484375,0.5076904296875,0.06634521484375,0.512007089725271
36,441.0,181.0,440.9857177734375,181.08522033691406,-0.0142822265625,0.0852203369140625,0.08640884109469879
37,389.0,257.0,389.0599670410156,257.0262756347656,0.059967041015625,0.026275634765625,0.0654710240526767
38,613.0,109.0,613.0208740234375,109.05415344238281,0.0208740234375,0.0541534423828125,0.058037230950295116
39,218.0,324.0,218.5540771484375,323.9852600097656,0.5540771484375,-0.014739990234375,0.55427317608986
40,389.0,284.0,389.0466003417969,284.0013122558594,0.046600341796875,0.001312255859375,0.046618814560497344
41,447.0,256.0,446.9667053222656,256.005126953125,-0.033294677734375,0.005126953125,0.03368710753065383
42,244.0,275.0,244.2250213623047,274.6846008300781,0.2250213623046875,-0.315399169921875,0.3874419309791665
43,187.0,108.0,187.5526123046875,107.95740509033203,0.5526123046875,-0.04259490966796875,0.554251464248542
44,163.0,196.0,163.49484252929688,195.87364196777344,0.494842529296875,-0.1263580322265625,0.5107205508975506
45,478.0,272.0,477.9892883300781,272.0497131347656,-0.010711669921875,0.049713134765625,0.05085406218524135
46,453.0,286.0,453.0205078125,286.0157775878906,0.0205078125,0.015777587890625,0.02587474933562745
47,406.0,231.0,405.98504638671875,231.00645446777344,-0.01495361328125,0.0064544677734375,0.0162871330934428
48,71.0,234.0,71.00019836425781,234.01345825195312,0.0001983642578125,0.013458251953125,0.013459713741850916
49,543.0,194.0,543.1356811523438,194.1797637939453,0.13568115234375,0.1797637939453125,0.2252207732757808
50,513.0,233.0,513.048828125,233.0004119873047,0.048828125,0.0004119873046875,0.04882986304050881
51,607.0,223.0,607.001708984375,222.99423217773438,0.001708984375,-0.005767822265625,0.006015679619281071
52,452.0,186.0,451.8876953125,186.1516571044922,-0.1123046875,0.1516571044921875,0.18871200326801404
53,391.0,210.0,391.0323181152344,210.00877380371094,0.032318115234375,0.0087738037109375,0.03348791130931283
54,217.0,306.0,217.35617065429688,306.04962158203125,0.356170654296875,0.04962158203125,0.3596106733476471
55,251.0,146.0,250.99497985839844,146.0233154296875,-0.0050201416015625,0.0233154296875,0.023849760653149015
56,244.0,71.0,244.6416778564453,71.03950500488281,0.6416778564453125,0.0395050048828125,0.6428927724457961
57,257.0,230.0,256.8255920410156,230.0669403076172,-0.174407958984375,0.0669403076171875,0.18681311768978945
58,200.0,321.0,199.95281982421875,321.0062255859375,-0.04718017578125,0.0062255859375,0.04758914694565187
59,624.0,149.0,624.1063842773438,148.96798706054688,0.10638427734375,-0.032012939453125,0.11109654701376351
60,361.0,133.0,361.1236877441406,133.00289916992188,0.123687744140625,0.002899169921875,0.12372171691676694
61,521.0,227.0,521.015869140625,227.0503692626953,0.015869140625,0.0503692626953125,0.052809963535732765
62,538.0,12.0,537.9999389648438,12.000014305114746,-6.103515625e-05,1.430511474609375e-05,6.268912669961851e-05
63,158.0,224.0,157.9753875732422,224.10560607910156,-0.0246124267578125,0.1056060791015625,0.10843622777519586
64,391.0,309.0,391.0145568847656,309.0325622558594,0.014556884765625,0.032562255859375,0.03566796042292139
65,590.0,186.0,590.0894165039062,186.13540649414062,0.08941650390625,0.135406494140625,0.16226592318250782
66,502.0,316.0,501.85302734375,316.089599609375,-0.14697265625,0.089599609375,0.17213091438011144
67,217.0,78.0,217.42724609375,78.26239776611328,0.42724609375,0.26239776611328125,0.5013898805180197
68,156.0,207.0,155.90599060058594,207.01693725585938,-0.0940093994140625,0.016937255859375,0.09552297008698309
69,406.0,317.0,405.8998718261719,316.9252014160156,-0.100128173828125,-0.074798583984375,0.12498191613278627
70,128.0,237.0,128.0001678466797,237.0072479248047,0.0001678466796875,0.0072479248046875,0.007249868032060063
71,178.0,117.0,178.60089111328125,116.89982604980469,0.60089111328125,-0.1001739501953125,0.6091838395083318
72,391.0,187.0,391.02276611328125,187.00320434570312,0.02276611328125,0.003204345703125,0.02299051424652879
73,168.0,146.0,168.63536071777344,146.00857543945312,0.6353607177734375,0.008575439453125,0.6354185863282502
74,523.0,134.0,523.0043334960938,134.01051330566406,0.00433349609375,0.0105133056640625,0.011371402041109755
75,636.0,174.0,636.015625,174.04148864746094,0.015625,0.0414886474609375,0.044333378995266716
76,168.0,240.0,168.4340057373047,240.03961181640625,0.4340057373046875,0.03961181640625,0.4358096786584574
77,431.0,317.0,430.99359130859375,316.9921569824219,-0.00640869140625,-0.007843017578125,0.010128388335333532
78,396.0,162.0,395.992431640625,162.0779266357422,-0.007568359375,0.0779266357421875,0.07829329870253728
79,645.0,283.0,644.9615478515625,282.96649169921875,-0.0384521484375,-0.03350830078125,0.051003665953598405
80,402.0,256.0,401.9578857421875,256.0429382324219,-0.0421142578125,0.042938232421875,0.06014401478628339
81,523.0,207.0,523.016845703125,207.24952697753906,0.016845703125,0.2495269775390625,0.2500949624313841
82,234.0,69.0,234.716064453125,69.0267333984375,0.716064453125,0.0267333984375,0.7165633088717447
83,233.0,153.0,233.5089111328125,152.9813232421875,0.5089111328125,-0.0186767578125,0.5092537308482764
84,536.0,124.0,536.0122680664062,124.01390075683594,0.01226806640625,0.0139007568359375,0.0185401319833496
85,251.0,344.0,251.09347534179688,343.7515869140625,0.093475341796875,-0.2484130859375,0.26541797374901793
86,444.0,200.0,443.9743957519531,200.06549072265625,-0.025604248046875,0.06549072265625,0.07031793705793536
87,143.0,240.0,142.9693145751953,240.01954650878906,-0.0306854248046875,0.0195465087890625,0.036382156358372
88,71.0,223.0,70.99960327148438,223.11500549316406,-0.000396728515625,0.1150054931640625,0.11500617744897158
89,619.0,195.0,619.0071411132812,195.0229949951172,0.00714111328125,0.0229949951171875,0.02407831595720768
90,188.0,120.0,188.60079956054688,119.86876678466797,0.600799560546875,-0.13123321533203125,0.6149652581729323
91,544.0,210.0,543.9828491210938,210.0630340576172,-0.01715087890625,0.0630340576171875,0.06532568458840493
92,623.0,174.0,623.0321655273438,174.08612060546875,0.03216552734375,0.08612060546875,0.09193138656414154
93,410.0,180.0,409.9159240722656,180.03419494628906,-0.084075927734375,0.0341949462890625,0.09076373712065694
94,212.0,130.0,212.43052673339844,129.69203186035156,0.4305267333984375,-0.3079681396484375,0.5293369845469413
95,446.0,224.0,445.99169921875,224.11033630371094,-0.00830078125,0.1103363037109375,0.11064810385159156
96,641.0,134.0,640.9602661132812,134.09271240234375,-0.03973388671875,0.09271240234375,0.10086808862136647
97,164.0,289.0,164.48004150390625,289.2061462402344,0.48004150390625,0.206146240234375,0.5224328835700744
98,464.0,265.0,464.0091552734375,265.182861328125,0.0091552734375,0.182861328125,0.183090372099011
99,98.0,238.0,97.90734100341797,238.02682495117188,-0.09265899658203125,0.026824951171875,0.09646381525195007
100,215.0,93.0,215.49082946777344,93.26799011230469,0.4908294677734375,0.2679901123046875,0.5592247014642996
